{"cameraMode":{"drawMode":0,"name":"Shaded","section":"Shading Mode"},"sceneLighting":true,"audioPlay":false,"sceneViewState":{"m_AlwaysRefresh":false,"showFog":true,"showSkybox":true,"showFlares":true,"showImageEffects":true,"showParticleSystems":true,"showVisualEffectGraphs":true,"m_FxEnabled":true},"in2DMode":false,"pivot":{"x":-0.7599042654037476,"y":52.696144104003909,"z":4.860616683959961},"rotation":{"x":0.014255640096962452,"y":0.980553925037384,"z":0.17963716387748719,"w":-0.07782170921564102},"size":3.1175754070281984,"orthographic":false}